<?xml version="1.0" encoding="UTF-8" ?>
<webTalkData  fileName='usage_statistics_webtalk.xml'  majorVersion='1' minorVersion='0' timeStamp='Wed Jun  9 13:33:58 2021'>
<section name="__ROOT__" level="0" order="1" description="">
 <section name="software_version_and_target_device" level="1" order="1" description="">
  <keyValuePair key="beta" value="FALSE" description="" />
  <keyValuePair key="build_version" value="2258646" description="" />
  <keyValuePair key="date_generated" value="Wed Jun  9 13:33:58 2021" description="" />
  <keyValuePair key="os_platform" value="WIN64" description="" />
  <keyValuePair key="product_version" value="Vivado v2018.2 (64-bit)" description="" />
  <keyValuePair key="project_id" value="a782599f68554ea298c90a18e49242d0" description="" />
  <keyValuePair key="project_iteration" value="12" description="" />
  <keyValuePair key="random_id" value="0b8fc256-afa5-4f89-990e-e1725d8e4629" description="" />
  <keyValuePair key="registration_id" value="0b8fc256-afa5-4f89-990e-e1725d8e4629" description="" />
  <keyValuePair key="route_design" value="TRUE" description="" />
  <keyValuePair key="target_device" value="xc7a35t" description="" />
  <keyValuePair key="target_family" value="artix7" description="" />
  <keyValuePair key="target_package" value="ftg256" description="" />
  <keyValuePair key="target_speed" value="-1" description="" />
  <keyValuePair key="tool_flow" value="Vivado" description="" />
 </section>
 <section name="user_environment" level="1" order="2" description="">
  <keyValuePair key="cpu_name" value="Intel(R) Core(TM) i7-9750H CPU @ 2.60GHz" description="" />
  <keyValuePair key="cpu_speed" value="2592 MHz" description="" />
  <keyValuePair key="os_name" value="Microsoft Windows 8 or later , 64-bit" description="" />
  <keyValuePair key="os_release" value="major release  (build 9200)" description="" />
  <keyValuePair key="system_ram" value="16.000 GB" description="" />
  <keyValuePair key="total_processors" value="1" description="" />
 </section>
 <section name="ip_statistics" level="1" order="3" description="">
  <section name="dist_mem_gen_v8_0_12/1" level="2" order="1" description="">
   <keyValuePair key="c_addr_width" value="8" description="" />
   <keyValuePair key="c_default_data" value="0" description="" />
   <keyValuePair key="c_depth" value="256" description="" />
   <keyValuePair key="c_elaboration_dir" value="./" description="" />
   <keyValuePair key="c_family" value="artix7" description="" />
   <keyValuePair key="c_has_clk" value="1" description="" />
   <keyValuePair key="c_has_d" value="1" description="" />
   <keyValuePair key="c_has_dpo" value="0" description="" />
   <keyValuePair key="c_has_dpra" value="0" description="" />
   <keyValuePair key="c_has_i_ce" value="0" description="" />
   <keyValuePair key="c_has_qdpo" value="0" description="" />
   <keyValuePair key="c_has_qdpo_ce" value="0" description="" />
   <keyValuePair key="c_has_qdpo_clk" value="0" description="" />
   <keyValuePair key="c_has_qdpo_rst" value="0" description="" />
   <keyValuePair key="c_has_qdpo_srst" value="0" description="" />
   <keyValuePair key="c_has_qspo" value="0" description="" />
   <keyValuePair key="c_has_qspo_ce" value="0" description="" />
   <keyValuePair key="c_has_qspo_rst" value="0" description="" />
   <keyValuePair key="c_has_qspo_srst" value="0" description="" />
   <keyValuePair key="c_has_spo" value="1" description="" />
   <keyValuePair key="c_has_we" value="1" description="" />
   <keyValuePair key="c_mem_init_file" value="[user-defined]" description="" />
   <keyValuePair key="c_mem_type" value="1" description="" />
   <keyValuePair key="c_parser_type" value="1" description="" />
   <keyValuePair key="c_pipeline_stages" value="0" description="" />
   <keyValuePair key="c_qce_joined" value="0" description="" />
   <keyValuePair key="c_qualify_we" value="0" description="" />
   <keyValuePair key="c_read_mif" value="1" description="" />
   <keyValuePair key="c_reg_a_d_inputs" value="0" description="" />
   <keyValuePair key="c_reg_dpra_input" value="0" description="" />
   <keyValuePair key="c_sync_enable" value="1" description="" />
   <keyValuePair key="c_width" value="32" description="" />
   <keyValuePair key="core_container" value="false" description="" />
   <keyValuePair key="iptotal" value="1" description="" />
   <keyValuePair key="x_ipcorerevision" value="12" description="" />
   <keyValuePair key="x_iplanguage" value="VERILOG" description="" />
   <keyValuePair key="x_iplibrary" value="ip" description="" />
   <keyValuePair key="x_ipname" value="dist_mem_gen" description="" />
   <keyValuePair key="x_ipproduct" value="Vivado 2018.2" description="" />
   <keyValuePair key="x_ipsimlanguage" value="MIXED" description="" />
   <keyValuePair key="x_ipvendor" value="xilinx.com" description="" />
   <keyValuePair key="x_ipversion" value="8.0" description="" />
  </section>
  <section name="dist_mem_gen_v8_0_12/2" level="2" order="2" description="">
   <keyValuePair key="c_addr_width" value="8" description="" />
   <keyValuePair key="c_default_data" value="0" description="" />
   <keyValuePair key="c_depth" value="256" description="" />
   <keyValuePair key="c_elaboration_dir" value="./" description="" />
   <keyValuePair key="c_family" value="artix7" description="" />
   <keyValuePair key="c_has_clk" value="0" description="" />
   <keyValuePair key="c_has_d" value="0" description="" />
   <keyValuePair key="c_has_dpo" value="0" description="" />
   <keyValuePair key="c_has_dpra" value="0" description="" />
   <keyValuePair key="c_has_i_ce" value="0" description="" />
   <keyValuePair key="c_has_qdpo" value="0" description="" />
   <keyValuePair key="c_has_qdpo_ce" value="0" description="" />
   <keyValuePair key="c_has_qdpo_clk" value="0" description="" />
   <keyValuePair key="c_has_qdpo_rst" value="0" description="" />
   <keyValuePair key="c_has_qdpo_srst" value="0" description="" />
   <keyValuePair key="c_has_qspo" value="0" description="" />
   <keyValuePair key="c_has_qspo_ce" value="0" description="" />
   <keyValuePair key="c_has_qspo_rst" value="0" description="" />
   <keyValuePair key="c_has_qspo_srst" value="0" description="" />
   <keyValuePair key="c_has_spo" value="1" description="" />
   <keyValuePair key="c_has_we" value="0" description="" />
   <keyValuePair key="c_mem_init_file" value="[user-defined]" description="" />
   <keyValuePair key="c_mem_type" value="0" description="" />
   <keyValuePair key="c_parser_type" value="1" description="" />
   <keyValuePair key="c_pipeline_stages" value="0" description="" />
   <keyValuePair key="c_qce_joined" value="0" description="" />
   <keyValuePair key="c_qualify_we" value="0" description="" />
   <keyValuePair key="c_read_mif" value="1" description="" />
   <keyValuePair key="c_reg_a_d_inputs" value="0" description="" />
   <keyValuePair key="c_reg_dpra_input" value="0" description="" />
   <keyValuePair key="c_sync_enable" value="1" description="" />
   <keyValuePair key="c_width" value="32" description="" />
   <keyValuePair key="core_container" value="false" description="" />
   <keyValuePair key="iptotal" value="1" description="" />
   <keyValuePair key="x_ipcorerevision" value="12" description="" />
   <keyValuePair key="x_iplanguage" value="VERILOG" description="" />
   <keyValuePair key="x_iplibrary" value="ip" description="" />
   <keyValuePair key="x_ipname" value="dist_mem_gen" description="" />
   <keyValuePair key="x_ipproduct" value="Vivado 2018.2" description="" />
   <keyValuePair key="x_ipsimlanguage" value="MIXED" description="" />
   <keyValuePair key="x_ipvendor" value="xilinx.com" description="" />
   <keyValuePair key="x_ipversion" value="8.0" description="" />
  </section>
 </section>
 <section name="report_drc" level="1" order="4" description="">
  <section name="command_line_options" level="2" order="1" description="">
   <keyValuePair key="-append" value="default::[not_specified]" description="" />
   <keyValuePair key="-checks" value="default::[not_specified]" description="" />
   <keyValuePair key="-fail_on" value="default::[not_specified]" description="" />
   <keyValuePair key="-force" value="default::[not_specified]" description="" />
   <keyValuePair key="-format" value="default::[not_specified]" description="" />
   <keyValuePair key="-internal" value="default::[not_specified]" description="" />
   <keyValuePair key="-internal_only" value="default::[not_specified]" description="" />
   <keyValuePair key="-messages" value="default::[not_specified]" description="" />
   <keyValuePair key="-name" value="default::[not_specified]" description="" />
   <keyValuePair key="-no_waivers" value="default::[not_specified]" description="" />
   <keyValuePair key="-return_string" value="default::[not_specified]" description="" />
   <keyValuePair key="-ruledecks" value="default::[not_specified]" description="" />
   <keyValuePair key="-upgrade_cw" value="default::[not_specified]" description="" />
   <keyValuePair key="-waived" value="default::[not_specified]" description="" />
  </section>
  <section name="results" level="2" order="2" description="">
   <keyValuePair key="cfgbvs-1" value="1" description="" />
  </section>
 </section>
 <section name="report_utilization" level="1" order="5" description="">
  <section name="clocking" level="2" order="1" description="">
   <keyValuePair key="bufgctrl_available" value="32" description="" />
   <keyValuePair key="bufgctrl_fixed" value="0" description="" />
   <keyValuePair key="bufgctrl_used" value="1" description="" />
   <keyValuePair key="bufgctrl_util_percentage" value="3.13" description="" />
   <keyValuePair key="bufhce_available" value="72" description="" />
   <keyValuePair key="bufhce_fixed" value="0" description="" />
   <keyValuePair key="bufhce_used" value="0" description="" />
   <keyValuePair key="bufhce_util_percentage" value="0.00" description="" />
   <keyValuePair key="bufio_available" value="20" description="" />
   <keyValuePair key="bufio_fixed" value="0" description="" />
   <keyValuePair key="bufio_used" value="0" description="" />
   <keyValuePair key="bufio_util_percentage" value="0.00" description="" />
   <keyValuePair key="bufmrce_available" value="10" description="" />
   <keyValuePair key="bufmrce_fixed" value="0" description="" />
   <keyValuePair key="bufmrce_used" value="0" description="" />
   <keyValuePair key="bufmrce_util_percentage" value="0.00" description="" />
   <keyValuePair key="bufr_available" value="20" description="" />
   <keyValuePair key="bufr_fixed" value="0" description="" />
   <keyValuePair key="bufr_used" value="0" description="" />
   <keyValuePair key="bufr_util_percentage" value="0.00" description="" />
   <keyValuePair key="mmcme2_adv_available" value="5" description="" />
   <keyValuePair key="mmcme2_adv_fixed" value="0" description="" />
   <keyValuePair key="mmcme2_adv_used" value="0" description="" />
   <keyValuePair key="mmcme2_adv_util_percentage" value="0.00" description="" />
   <keyValuePair key="plle2_adv_available" value="5" description="" />
   <keyValuePair key="plle2_adv_fixed" value="0" description="" />
   <keyValuePair key="plle2_adv_used" value="0" description="" />
   <keyValuePair key="plle2_adv_util_percentage" value="0.00" description="" />
  </section>
  <section name="dsp" level="2" order="2" description="">
   <keyValuePair key="dsps_available" value="90" description="" />
   <keyValuePair key="dsps_fixed" value="0" description="" />
   <keyValuePair key="dsps_used" value="0" description="" />
   <keyValuePair key="dsps_util_percentage" value="0.00" description="" />
  </section>
  <section name="io_standard" level="2" order="3" description="">
   <keyValuePair key="blvds_25" value="0" description="" />
   <keyValuePair key="diff_hstl_i" value="0" description="" />
   <keyValuePair key="diff_hstl_i_18" value="0" description="" />
   <keyValuePair key="diff_hstl_ii" value="0" description="" />
   <keyValuePair key="diff_hstl_ii_18" value="0" description="" />
   <keyValuePair key="diff_hsul_12" value="0" description="" />
   <keyValuePair key="diff_mobile_ddr" value="0" description="" />
   <keyValuePair key="diff_sstl135" value="0" description="" />
   <keyValuePair key="diff_sstl135_r" value="0" description="" />
   <keyValuePair key="diff_sstl15" value="0" description="" />
   <keyValuePair key="diff_sstl15_r" value="0" description="" />
   <keyValuePair key="diff_sstl18_i" value="0" description="" />
   <keyValuePair key="diff_sstl18_ii" value="0" description="" />
   <keyValuePair key="hstl_i" value="0" description="" />
   <keyValuePair key="hstl_i_18" value="0" description="" />
   <keyValuePair key="hstl_ii" value="0" description="" />
   <keyValuePair key="hstl_ii_18" value="0" description="" />
   <keyValuePair key="hsul_12" value="0" description="" />
   <keyValuePair key="lvcmos12" value="0" description="" />
   <keyValuePair key="lvcmos15" value="0" description="" />
   <keyValuePair key="lvcmos18" value="0" description="" />
   <keyValuePair key="lvcmos25" value="0" description="" />
   <keyValuePair key="lvcmos33" value="1" description="" />
   <keyValuePair key="lvds_25" value="0" description="" />
   <keyValuePair key="lvttl" value="0" description="" />
   <keyValuePair key="mini_lvds_25" value="0" description="" />
   <keyValuePair key="mobile_ddr" value="0" description="" />
   <keyValuePair key="pci33_3" value="0" description="" />
   <keyValuePair key="ppds_25" value="0" description="" />
   <keyValuePair key="rsds_25" value="0" description="" />
   <keyValuePair key="sstl135" value="0" description="" />
   <keyValuePair key="sstl135_r" value="0" description="" />
   <keyValuePair key="sstl15" value="0" description="" />
   <keyValuePair key="sstl15_r" value="0" description="" />
   <keyValuePair key="sstl18_i" value="0" description="" />
   <keyValuePair key="sstl18_ii" value="0" description="" />
   <keyValuePair key="tmds_33" value="0" description="" />
  </section>
  <section name="memory" level="2" order="4" description="">
   <keyValuePair key="block_ram_tile_available" value="50" description="" />
   <keyValuePair key="block_ram_tile_fixed" value="0" description="" />
   <keyValuePair key="block_ram_tile_used" value="0" description="" />
   <keyValuePair key="block_ram_tile_util_percentage" value="0.00" description="" />
   <keyValuePair key="ramb18_available" value="100" description="" />
   <keyValuePair key="ramb18_fixed" value="0" description="" />
   <keyValuePair key="ramb18_used" value="0" description="" />
   <keyValuePair key="ramb18_util_percentage" value="0.00" description="" />
   <keyValuePair key="ramb36_fifo_available" value="50" description="" />
   <keyValuePair key="ramb36_fifo_fixed" value="0" description="" />
   <keyValuePair key="ramb36_fifo_used" value="0" description="" />
   <keyValuePair key="ramb36_fifo_util_percentage" value="0.00" description="" />
  </section>
  <section name="primitives" level="2" order="5" description="">
   <keyValuePair key="bufg_functional_category" value="Clock" description="" />
   <keyValuePair key="bufg_used" value="1" description="" />
   <keyValuePair key="carry4_functional_category" value="CarryLogic" description="" />
   <keyValuePair key="carry4_used" value="26" description="" />
   <keyValuePair key="fdre_functional_category" value="Flop &amp; Latch" description="" />
   <keyValuePair key="fdre_used" value="1035" description="" />
   <keyValuePair key="ibuf_functional_category" value="IO" description="" />
   <keyValuePair key="ibuf_used" value="2" description="" />
   <keyValuePair key="lut1_functional_category" value="LUT" description="" />
   <keyValuePair key="lut1_used" value="2" description="" />
   <keyValuePair key="lut2_functional_category" value="LUT" description="" />
   <keyValuePair key="lut2_used" value="103" description="" />
   <keyValuePair key="lut3_functional_category" value="LUT" description="" />
   <keyValuePair key="lut3_used" value="59" description="" />
   <keyValuePair key="lut4_functional_category" value="LUT" description="" />
   <keyValuePair key="lut4_used" value="71" description="" />
   <keyValuePair key="lut5_functional_category" value="LUT" description="" />
   <keyValuePair key="lut5_used" value="64" description="" />
   <keyValuePair key="lut6_functional_category" value="LUT" description="" />
   <keyValuePair key="lut6_used" value="708" description="" />
   <keyValuePair key="muxf7_functional_category" value="MuxFx" description="" />
   <keyValuePair key="muxf7_used" value="352" description="" />
   <keyValuePair key="muxf8_functional_category" value="MuxFx" description="" />
   <keyValuePair key="muxf8_used" value="128" description="" />
   <keyValuePair key="obuf_functional_category" value="IO" description="" />
   <keyValuePair key="obuf_used" value="2" description="" />
   <keyValuePair key="rams64e_functional_category" value="Distributed Memory" description="" />
   <keyValuePair key="rams64e_used" value="128" description="" />
  </section>
  <section name="slice_logic" level="2" order="6" description="">
   <keyValuePair key="f7_muxes_available" value="16300" description="" />
   <keyValuePair key="f7_muxes_fixed" value="0" description="" />
   <keyValuePair key="f7_muxes_used" value="352" description="" />
   <keyValuePair key="f7_muxes_util_percentage" value="2.16" description="" />
   <keyValuePair key="f8_muxes_available" value="8150" description="" />
   <keyValuePair key="f8_muxes_fixed" value="0" description="" />
   <keyValuePair key="f8_muxes_used" value="128" description="" />
   <keyValuePair key="f8_muxes_util_percentage" value="1.57" description="" />
   <keyValuePair key="fully_used_lut_ff_pairs_fixed" value="2.49" description="" />
   <keyValuePair key="fully_used_lut_ff_pairs_used" value="0" description="" />
   <keyValuePair key="lut_as_distributed_ram_fixed" value="0" description="" />
   <keyValuePair key="lut_as_distributed_ram_fixed" value="0" description="" />
   <keyValuePair key="lut_as_distributed_ram_used" value="128" description="" />
   <keyValuePair key="lut_as_distributed_ram_used" value="128" description="" />
   <keyValuePair key="lut_as_logic_available" value="20800" description="" />
   <keyValuePair key="lut_as_logic_available" value="20800" description="" />
   <keyValuePair key="lut_as_logic_fixed" value="0" description="" />
   <keyValuePair key="lut_as_logic_fixed" value="0" description="" />
   <keyValuePair key="lut_as_logic_used" value="924" description="" />
   <keyValuePair key="lut_as_logic_used" value="924" description="" />
   <keyValuePair key="lut_as_logic_util_percentage" value="4.44" description="" />
   <keyValuePair key="lut_as_logic_util_percentage" value="4.44" description="" />
   <keyValuePair key="lut_as_memory_available" value="9600" description="" />
   <keyValuePair key="lut_as_memory_available" value="9600" description="" />
   <keyValuePair key="lut_as_memory_fixed" value="0" description="" />
   <keyValuePair key="lut_as_memory_fixed" value="0" description="" />
   <keyValuePair key="lut_as_memory_used" value="128" description="" />
   <keyValuePair key="lut_as_memory_used" value="128" description="" />
   <keyValuePair key="lut_as_memory_util_percentage" value="1.33" description="" />
   <keyValuePair key="lut_as_memory_util_percentage" value="1.33" description="" />
   <keyValuePair key="lut_as_shift_register_fixed" value="0" description="" />
   <keyValuePair key="lut_as_shift_register_fixed" value="0" description="" />
   <keyValuePair key="lut_as_shift_register_used" value="0" description="" />
   <keyValuePair key="lut_as_shift_register_used" value="0" description="" />
   <keyValuePair key="lut_ff_pairs_with_one_unused_flip_flop_fixed" value="0" description="" />
   <keyValuePair key="lut_ff_pairs_with_one_unused_flip_flop_used" value="15" description="" />
   <keyValuePair key="lut_ff_pairs_with_one_unused_lut_output_fixed" value="15" description="" />
   <keyValuePair key="lut_ff_pairs_with_one_unused_lut_output_used" value="13" description="" />
   <keyValuePair key="lut_flip_flop_pairs_available" value="20800" description="" />
   <keyValuePair key="lut_flip_flop_pairs_fixed" value="0" description="" />
   <keyValuePair key="lut_flip_flop_pairs_used" value="18" description="" />
   <keyValuePair key="lut_flip_flop_pairs_util_percentage" value="0.09" description="" />
   <keyValuePair key="register_as_flip_flop_available" value="41600" description="" />
   <keyValuePair key="register_as_flip_flop_fixed" value="0" description="" />
   <keyValuePair key="register_as_flip_flop_used" value="1035" description="" />
   <keyValuePair key="register_as_flip_flop_util_percentage" value="2.49" description="" />
   <keyValuePair key="register_as_latch_available" value="41600" description="" />
   <keyValuePair key="register_as_latch_fixed" value="0" description="" />
   <keyValuePair key="register_as_latch_used" value="0" description="" />
   <keyValuePair key="register_as_latch_util_percentage" value="0.00" description="" />
   <keyValuePair key="slice_available" value="8150" description="" />
   <keyValuePair key="slice_fixed" value="0" description="" />
   <keyValuePair key="slice_luts_available" value="20800" description="" />
   <keyValuePair key="slice_luts_fixed" value="0" description="" />
   <keyValuePair key="slice_luts_used" value="1052" description="" />
   <keyValuePair key="slice_luts_util_percentage" value="5.06" description="" />
   <keyValuePair key="slice_registers_available" value="41600" description="" />
   <keyValuePair key="slice_registers_fixed" value="0" description="" />
   <keyValuePair key="slice_registers_used" value="1035" description="" />
   <keyValuePair key="slice_registers_util_percentage" value="2.49" description="" />
   <keyValuePair key="slice_used" value="497" description="" />
   <keyValuePair key="slice_util_percentage" value="6.10" description="" />
   <keyValuePair key="slicel_fixed" value="0" description="" />
   <keyValuePair key="slicel_used" value="310" description="" />
   <keyValuePair key="slicem_fixed" value="0" description="" />
   <keyValuePair key="slicem_used" value="187" description="" />
   <keyValuePair key="unique_control_sets_used" value="36" description="" />
   <keyValuePair key="using_o5_and_o6_fixed" value="36" description="" />
   <keyValuePair key="using_o5_and_o6_used" value="0" description="" />
   <keyValuePair key="using_o5_output_only_fixed" value="0" description="" />
   <keyValuePair key="using_o5_output_only_used" value="0" description="" />
   <keyValuePair key="using_o6_output_only_fixed" value="0" description="" />
   <keyValuePair key="using_o6_output_only_used" value="128" description="" />
  </section>
  <section name="specific_feature" level="2" order="7" description="">
   <keyValuePair key="bscane2_available" value="4" description="" />
   <keyValuePair key="bscane2_fixed" value="0" description="" />
   <keyValuePair key="bscane2_used" value="0" description="" />
   <keyValuePair key="bscane2_util_percentage" value="0.00" description="" />
   <keyValuePair key="capturee2_available" value="1" description="" />
   <keyValuePair key="capturee2_fixed" value="0" description="" />
   <keyValuePair key="capturee2_used" value="0" description="" />
   <keyValuePair key="capturee2_util_percentage" value="0.00" description="" />
   <keyValuePair key="dna_port_available" value="1" description="" />
   <keyValuePair key="dna_port_fixed" value="0" description="" />
   <keyValuePair key="dna_port_used" value="0" description="" />
   <keyValuePair key="dna_port_util_percentage" value="0.00" description="" />
   <keyValuePair key="efuse_usr_available" value="1" description="" />
   <keyValuePair key="efuse_usr_fixed" value="0" description="" />
   <keyValuePair key="efuse_usr_used" value="0" description="" />
   <keyValuePair key="efuse_usr_util_percentage" value="0.00" description="" />
   <keyValuePair key="frame_ecce2_available" value="1" description="" />
   <keyValuePair key="frame_ecce2_fixed" value="0" description="" />
   <keyValuePair key="frame_ecce2_used" value="0" description="" />
   <keyValuePair key="frame_ecce2_util_percentage" value="0.00" description="" />
   <keyValuePair key="icape2_available" value="2" description="" />
   <keyValuePair key="icape2_fixed" value="0" description="" />
   <keyValuePair key="icape2_used" value="0" description="" />
   <keyValuePair key="icape2_util_percentage" value="0.00" description="" />
   <keyValuePair key="pcie_2_1_available" value="1" description="" />
   <keyValuePair key="pcie_2_1_fixed" value="0" description="" />
   <keyValuePair key="pcie_2_1_used" value="0" description="" />
   <keyValuePair key="pcie_2_1_util_percentage" value="0.00" description="" />
   <keyValuePair key="startupe2_available" value="1" description="" />
   <keyValuePair key="startupe2_fixed" value="0" description="" />
   <keyValuePair key="startupe2_used" value="0" description="" />
   <keyValuePair key="startupe2_util_percentage" value="0.00" description="" />
   <keyValuePair key="xadc_available" value="1" description="" />
   <keyValuePair key="xadc_fixed" value="0" description="" />
   <keyValuePair key="xadc_used" value="0" description="" />
   <keyValuePair key="xadc_util_percentage" value="0.00" description="" />
  </section>
 </section>
 <section name="router" level="1" order="6" description="">
  <section name="usage" level="2" order="1" description="">
   <keyValuePair key="actual_expansions" value="1192696" description="" />
   <keyValuePair key="bogomips" value="0" description="" />
   <keyValuePair key="bram18" value="0" description="" />
   <keyValuePair key="bram36" value="0" description="" />
   <keyValuePair key="bufg" value="0" description="" />
   <keyValuePair key="bufr" value="0" description="" />
   <keyValuePair key="ctrls" value="36" description="" />
   <keyValuePair key="dsp" value="0" description="" />
   <keyValuePair key="effort" value="2" description="" />
   <keyValuePair key="estimated_expansions" value="1611294" description="" />
   <keyValuePair key="ff" value="1035" description="" />
   <keyValuePair key="global_clocks" value="1" description="" />
   <keyValuePair key="high_fanout_nets" value="2" description="" />
   <keyValuePair key="iob" value="4" description="" />
   <keyValuePair key="lut" value="1052" description="" />
   <keyValuePair key="movable_instances" value="2686" description="" />
   <keyValuePair key="nets" value="2768" description="" />
   <keyValuePair key="pins" value="15358" description="" />
   <keyValuePair key="pll" value="0" description="" />
   <keyValuePair key="router_runtime" value="0.000000" description="" />
   <keyValuePair key="router_timing_driven" value="1" description="" />
   <keyValuePair key="threads" value="2" description="" />
   <keyValuePair key="timing_constraints_exist" value="1" description="" />
  </section>
 </section>
 <section name="synthesis" level="1" order="7" description="">
  <section name="command_line_options" level="2" order="1" description="">
   <keyValuePair key="-assert" value="default::[not_specified]" description="" />
   <keyValuePair key="-bufg" value="default::12" description="" />
   <keyValuePair key="-cascade_dsp" value="default::auto" description="" />
   <keyValuePair key="-constrset" value="default::[not_specified]" description="" />
   <keyValuePair key="-control_set_opt_threshold" value="default::auto" description="" />
   <keyValuePair key="-directive" value="default::default" description="" />
   <keyValuePair key="-fanout_limit" value="default::10000" description="" />
   <keyValuePair key="-flatten_hierarchy" value="default::rebuilt" description="" />
   <keyValuePair key="-fsm_extraction" value="default::auto" description="" />
   <keyValuePair key="-gated_clock_conversion" value="default::off" description="" />
   <keyValuePair key="-generic" value="default::[not_specified]" description="" />
   <keyValuePair key="-include_dirs" value="default::[not_specified]" description="" />
   <keyValuePair key="-keep_equivalent_registers" value="default::[not_specified]" description="" />
   <keyValuePair key="-max_bram" value="default::-1" description="" />
   <keyValuePair key="-max_bram_cascade_height" value="default::-1" description="" />
   <keyValuePair key="-max_dsp" value="default::-1" description="" />
   <keyValuePair key="-max_uram" value="default::-1" description="" />
   <keyValuePair key="-max_uram_cascade_height" value="default::-1" description="" />
   <keyValuePair key="-mode" value="default::default" description="" />
   <keyValuePair key="-name" value="default::[not_specified]" description="" />
   <keyValuePair key="-no_lc" value="default::[not_specified]" description="" />
   <keyValuePair key="-no_srlextract" value="default::[not_specified]" description="" />
   <keyValuePair key="-no_timing_driven" value="default::[not_specified]" description="" />
   <keyValuePair key="-part" value="xc7a35tftg256-1" description="" />
   <keyValuePair key="-resource_sharing" value="default::auto" description="" />
   <keyValuePair key="-retiming" value="default::[not_specified]" description="" />
   <keyValuePair key="-rtl" value="default::[not_specified]" description="" />
   <keyValuePair key="-rtl_skip_constraints" value="default::[not_specified]" description="" />
   <keyValuePair key="-rtl_skip_ip" value="default::[not_specified]" description="" />
   <keyValuePair key="-seu_protect" value="default::none" description="" />
   <keyValuePair key="-sfcu" value="default::[not_specified]" description="" />
   <keyValuePair key="-shreg_min_size" value="default::3" description="" />
   <keyValuePair key="-top" value="MiniMIPS32_SYS" description="" />
   <keyValuePair key="-verilog_define" value="default::[not_specified]" description="" />
  </section>
  <section name="usage" level="2" order="2" description="">
   <keyValuePair key="elapsed" value="00:01:56s" description="" />
   <keyValuePair key="hls_ip" value="0" description="" />
   <keyValuePair key="memory_gain" value="524.309MB" description="" />
   <keyValuePair key="memory_peak" value="858.539MB" description="" />
  </section>
 </section>
 <section name="unisim_transformation" level="1" order="8" description="">
  <section name="post_unisim_transformation" level="2" order="1" description="">
   <keyValuePair key="bufg" value="1" description="" />
   <keyValuePair key="carry4" value="26" description="" />
   <keyValuePair key="fdre" value="1067" description="" />
   <keyValuePair key="gnd" value="8" description="" />
   <keyValuePair key="ibuf" value="2" description="" />
   <keyValuePair key="lut1" value="2" description="" />
   <keyValuePair key="lut2" value="103" description="" />
   <keyValuePair key="lut3" value="59" description="" />
   <keyValuePair key="lut4" value="71" description="" />
   <keyValuePair key="lut5" value="64" description="" />
   <keyValuePair key="lut6" value="708" description="" />
   <keyValuePair key="muxf7" value="352" description="" />
   <keyValuePair key="muxf8" value="128" description="" />
   <keyValuePair key="obuf" value="2" description="" />
   <keyValuePair key="rams64e" value="128" description="" />
   <keyValuePair key="vcc" value="5" description="" />
  </section>
  <section name="pre_unisim_transformation" level="2" order="2" description="">
   <keyValuePair key="bufg" value="1" description="" />
   <keyValuePair key="carry4" value="26" description="" />
   <keyValuePair key="fdre" value="1067" description="" />
   <keyValuePair key="gnd" value="8" description="" />
   <keyValuePair key="ibuf" value="2" description="" />
   <keyValuePair key="lut1" value="2" description="" />
   <keyValuePair key="lut2" value="103" description="" />
   <keyValuePair key="lut3" value="59" description="" />
   <keyValuePair key="lut4" value="71" description="" />
   <keyValuePair key="lut5" value="64" description="" />
   <keyValuePair key="lut6" value="708" description="" />
   <keyValuePair key="muxf7" value="288" description="" />
   <keyValuePair key="muxf8" value="96" description="" />
   <keyValuePair key="obuf" value="2" description="" />
   <keyValuePair key="ram256x1s" value="32" description="" />
   <keyValuePair key="vcc" value="5" description="" />
  </section>
 </section>
 <section name="vivado_usage" level="1" order="9" description="">
  <section name="gui_handlers" level="2" order="1" description="">
   <keyValuePair key="abstractsearchablepanel_show_search" value="1" description="" />
   <keyValuePair key="addsrcwizard_specify_or_create_constraint_files" value="1" description="" />
   <keyValuePair key="addsrcwizard_specify_simulation_specific_hdl_files" value="1" description="" />
   <keyValuePair key="basedialog_apply" value="1" description="" />
   <keyValuePair key="basedialog_cancel" value="6" description="" />
   <keyValuePair key="basedialog_ok" value="170" description="" />
   <keyValuePair key="cmdmsgdialog_ok" value="5" description="" />
   <keyValuePair key="constraintschooserpanel_create_file" value="1" description="" />
   <keyValuePair key="coretreetablepanel_core_tree_table" value="15" description="" />
   <keyValuePair key="createconstraintsfilepanel_file_name" value="1" description="" />
   <keyValuePair key="createsrcfiledialog_file_name" value="11" description="" />
   <keyValuePair key="createsrcfiledialog_file_type" value="12" description="" />
   <keyValuePair key="customizeerrordialog_ok" value="1" description="" />
   <keyValuePair key="defaultoptionpane_close" value="2" description="" />
   <keyValuePair key="expreporttreepanel_exp_report_tree_table" value="1" description="" />
   <keyValuePair key="filesetpanel_file_set_panel_tree" value="293" description="" />
   <keyValuePair key="filesetpanel_messages" value="1" description="" />
   <keyValuePair key="flownavigatortreepanel_flow_navigator_tree" value="205" description="" />
   <keyValuePair key="gettingstartedview_create_new_project" value="1" description="" />
   <keyValuePair key="graphicalview_zoom_fit" value="13" description="" />
   <keyValuePair key="graphicalview_zoom_in" value="30" description="" />
   <keyValuePair key="hexceptiondialog_exit" value="1" description="" />
   <keyValuePair key="hjfilechooserrecentlistpreview_recent_directories" value="1" description="" />
   <keyValuePair key="hpopuptitle_close" value="3" description="" />
   <keyValuePair key="ipstatussectionpanel_ip_up_to_date" value="4" description="" />
   <keyValuePair key="ipstatussectionpanel_upgrade_selected" value="5" description="" />
   <keyValuePair key="ipstatustablepanel_ip_status_table" value="35" description="" />
   <keyValuePair key="mainmenumgr_checkpoint" value="3" description="" />
   <keyValuePair key="mainmenumgr_edit" value="4" description="" />
   <keyValuePair key="mainmenumgr_file" value="20" description="" />
   <keyValuePair key="mainmenumgr_flow" value="10" description="" />
   <keyValuePair key="mainmenumgr_help" value="2" description="" />
   <keyValuePair key="mainmenumgr_ip" value="1" description="" />
   <keyValuePair key="mainmenumgr_open_recent_project" value="3" description="" />
   <keyValuePair key="mainmenumgr_project" value="8" description="" />
   <keyValuePair key="mainmenumgr_reports" value="10" description="" />
   <keyValuePair key="mainmenumgr_run" value="2" description="" />
   <keyValuePair key="mainmenumgr_simulation_waveform" value="2" description="" />
   <keyValuePair key="mainmenumgr_tools" value="3" description="" />
   <keyValuePair key="mainmenumgr_view" value="2" description="" />
   <keyValuePair key="mainmenumgr_window" value="4" description="" />
   <keyValuePair key="maintoolbarmgr_open" value="1" description="" />
   <keyValuePair key="maintoolbarmgr_open_recent_file" value="1" description="" />
   <keyValuePair key="mainwinmenumgr_layout" value="2" description="" />
   <keyValuePair key="msgtreepanel_message_severity" value="1" description="" />
   <keyValuePair key="msgtreepanel_message_view_tree" value="10" description="" />
   <keyValuePair key="msgview_information_messages" value="1" description="" />
   <keyValuePair key="msgview_warning_messages" value="1" description="" />
   <keyValuePair key="netlistschmenuandmouse_view" value="11" description="" />
   <keyValuePair key="openfileaction_ok" value="1" description="" />
   <keyValuePair key="pacommandnames_add_sources" value="4" description="" />
   <keyValuePair key="pacommandnames_auto_update_hier" value="3" description="" />
   <keyValuePair key="pacommandnames_close_project" value="2" description="" />
   <keyValuePair key="pacommandnames_export_schematic" value="2" description="" />
   <keyValuePair key="pacommandnames_goto_netlist_design" value="1" description="" />
   <keyValuePair key="pacommandnames_open_project" value="2" description="" />
   <keyValuePair key="pacommandnames_report_ip_status" value="3" description="" />
   <keyValuePair key="pacommandnames_run_bitgen" value="10" description="" />
   <keyValuePair key="pacommandnames_run_implementation" value="2" description="" />
   <keyValuePair key="pacommandnames_set_as_top" value="3" description="" />
   <keyValuePair key="pacommandnames_simulation_live_restart" value="19" description="" />
   <keyValuePair key="pacommandnames_simulation_live_run" value="24" description="" />
   <keyValuePair key="pacommandnames_simulation_live_run_all" value="3" description="" />
   <keyValuePair key="pacommandnames_simulation_live_step" value="1" description="" />
   <keyValuePair key="pacommandnames_simulation_relaunch" value="124" description="" />
   <keyValuePair key="pacommandnames_simulation_run_behavioral" value="60" description="" />
   <keyValuePair key="pacommandnames_zoom_fit" value="2" description="" />
   <keyValuePair key="pacommandnames_zoom_in" value="3" description="" />
   <keyValuePair key="partchooser_family_chooser" value="1" description="" />
   <keyValuePair key="partchooser_part_package_chooser" value="1" description="" />
   <keyValuePair key="partchooser_part_speed_chooser" value="1" description="" />
   <keyValuePair key="partchooser_parts" value="1" description="" />
   <keyValuePair key="paviews_code" value="11" description="" />
   <keyValuePair key="paviews_device" value="9" description="" />
   <keyValuePair key="paviews_ip_catalog" value="2" description="" />
   <keyValuePair key="paviews_schematic" value="6" description="" />
   <keyValuePair key="progressdialog_cancel" value="2" description="" />
   <keyValuePair key="projectnamechooser_project_name" value="1" description="" />
   <keyValuePair key="projectsettingssimulationpanel_tabbed_pane" value="4" description="" />
   <keyValuePair key="projecttab_close_design" value="1" description="" />
   <keyValuePair key="rdicommands_delete" value="12" description="" />
   <keyValuePair key="rdicommands_hide_world_view" value="1" description="" />
   <keyValuePair key="rdicommands_show_world_view" value="1" description="" />
   <keyValuePair key="rdiviews_waveform_viewer" value="688" description="" />
   <keyValuePair key="removesourcesdialog_also_delete" value="2" description="" />
   <keyValuePair key="rungadget_show_warning_and_error_messages_in_messages" value="2" description="" />
   <keyValuePair key="saveschematicdialog_specify_output_pdf_file" value="3" description="" />
   <keyValuePair key="schematicview_add" value="1" description="" />
   <keyValuePair key="schematicview_previous" value="2" description="" />
   <keyValuePair key="schematicview_regenerate" value="2" description="" />
   <keyValuePair key="schematicview_remove" value="2" description="" />
   <keyValuePair key="schmenuandmouse_save_as_pdf_file" value="3" description="" />
   <keyValuePair key="schoptionsview_tabbed_pane" value="4" description="" />
   <keyValuePair key="settingsdialog_project_tree" value="3" description="" />
   <keyValuePair key="simpleoutputproductdialog_generate_output_products_immediately" value="51" description="" />
   <keyValuePair key="simpleoutputproductdialog_synthesize_all_ip_including_ip_contained" value="1" description="" />
   <keyValuePair key="simulationliverunforcomp_specify_time_and_units" value="8" description="" />
   <keyValuePair key="simulationobjectspanel_simulation_objects_tree_table" value="145" description="" />
   <keyValuePair key="simulationscopespanel_simulate_scope_table" value="523" description="" />
   <keyValuePair key="srcchooserpanel_add_directories" value="2" description="" />
   <keyValuePair key="srcchooserpanel_add_hdl_and_netlist_files_to_your_project" value="3" description="" />
   <keyValuePair key="srcchooserpanel_create_file" value="12" description="" />
   <keyValuePair key="srcmenu_ip_documentation" value="2" description="" />
   <keyValuePair key="srcmenu_ip_hierarchy" value="3" description="" />
   <keyValuePair key="stalerundialog_open_design" value="1" description="" />
   <keyValuePair key="syntheticagettingstartedview_recent_projects" value="13" description="" />
   <keyValuePair key="syntheticastatemonitor_cancel" value="3" description="" />
   <keyValuePair key="taskbanner_close" value="15" description="" />
   <keyValuePair key="waveformnametree_waveform_name_tree" value="242" description="" />
   <keyValuePair key="xpg_coefilewidgdet_browse" value="51" description="" />
   <keyValuePair key="xpg_coefilewidgdet_edit" value="1" description="" />
  </section>
  <section name="java_command_handlers" level="2" order="2" description="">
   <keyValuePair key="addsources" value="15" description="" />
   <keyValuePair key="closeproject" value="2" description="" />
   <keyValuePair key="coreview" value="8" description="" />
   <keyValuePair key="customizecore" value="4" description="" />
   <keyValuePair key="editdelete" value="12" description="" />
   <keyValuePair key="editpaste" value="1" description="" />
   <keyValuePair key="hideworldview" value="1" description="" />
   <keyValuePair key="newproject" value="1" description="" />
   <keyValuePair key="openproject" value="2" description="" />
   <keyValuePair key="recustomizecore" value="51" description="" />
   <keyValuePair key="reportipstatus" value="3" description="" />
   <keyValuePair key="runbitgen" value="12" description="" />
   <keyValuePair key="runimplementation" value="10" description="" />
   <keyValuePair key="runschematic" value="6" description="" />
   <keyValuePair key="runsynthesis" value="21" description="" />
   <keyValuePair key="savefileproxyhandler" value="1" description="" />
   <keyValuePair key="settopnode" value="3" description="" />
   <keyValuePair key="showview" value="3" description="" />
   <keyValuePair key="showworldview" value="1" description="" />
   <keyValuePair key="simulationrelaunch" value="122" description="" />
   <keyValuePair key="simulationrestart" value="19" description="" />
   <keyValuePair key="simulationrun" value="59" description="" />
   <keyValuePair key="simulationrunall" value="2" description="" />
   <keyValuePair key="simulationrunfortime" value="24" description="" />
   <keyValuePair key="simulationstep" value="1" description="" />
   <keyValuePair key="toolssettings" value="10" description="" />
   <keyValuePair key="viewtaskimplementation" value="1" description="" />
   <keyValuePair key="viewtaskrtlanalysis" value="1" description="" />
   <keyValuePair key="viewtasksynthesis" value="1" description="" />
   <keyValuePair key="zoomfit" value="2" description="" />
   <keyValuePair key="zoomin" value="3" description="" />
  </section>
  <section name="other_data" level="2" order="3" description="">
   <keyValuePair key="guimode" value="19" description="" />
  </section>
  <section name="project_data" level="2" order="4" description="">
   <keyValuePair key="constraintsetcount" value="1" description="" />
   <keyValuePair key="core_container" value="false" description="" />
   <keyValuePair key="currentimplrun" value="impl_1" description="" />
   <keyValuePair key="currentsynthesisrun" value="synth_1" description="" />
   <keyValuePair key="default_library" value="xil_defaultlib" description="" />
   <keyValuePair key="designmode" value="RTL" description="" />
   <keyValuePair key="export_simulation_activehdl" value="36" description="" />
   <keyValuePair key="export_simulation_ies" value="36" description="" />
   <keyValuePair key="export_simulation_modelsim" value="36" description="" />
   <keyValuePair key="export_simulation_questa" value="36" description="" />
   <keyValuePair key="export_simulation_riviera" value="36" description="" />
   <keyValuePair key="export_simulation_vcs" value="36" description="" />
   <keyValuePair key="export_simulation_xsim" value="36" description="" />
   <keyValuePair key="implstrategy" value="Vivado Implementation Defaults" description="" />
   <keyValuePair key="launch_simulation_activehdl" value="0" description="" />
   <keyValuePair key="launch_simulation_ies" value="0" description="" />
   <keyValuePair key="launch_simulation_modelsim" value="0" description="" />
   <keyValuePair key="launch_simulation_questa" value="0" description="" />
   <keyValuePair key="launch_simulation_riviera" value="0" description="" />
   <keyValuePair key="launch_simulation_vcs" value="0" description="" />
   <keyValuePair key="launch_simulation_xsim" value="303" description="" />
   <keyValuePair key="simulator_language" value="Mixed" description="" />
   <keyValuePair key="srcsetcount" value="25" description="" />
   <keyValuePair key="synthesisstrategy" value="Vivado Synthesis Defaults" description="" />
   <keyValuePair key="target_language" value="Verilog" description="" />
   <keyValuePair key="target_simulator" value="XSim" description="" />
   <keyValuePair key="totalimplruns" value="1" description="" />
   <keyValuePair key="totalsynthesisruns" value="1" description="" />
  </section>
 </section>
 <section name="xsim" level="1" order="10" description="">
  <section name="command_line_options" level="2" order="1" description="">
   <keyValuePair key="-sim_mode" value="behavioral" description="" />
   <keyValuePair key="-sim_type" value="default::" description="" />
  </section>
 </section>
</section>
</webTalkData>
